CUSTOMER_ID,CUSTOMER_NAME,CONTACT_NUMBERS,MEMBERSHIP_TYPE,MEMBERSHIP_ID,ENQUIRY_ID,JOIN_DATE
C101,Emily Harris,7975619875,BRONZE,M1,E101,04-01-2022
C102,Olivia Johnson,4885372679,SILVER,M2,E103,08-01-2022
C103,Ava Jones,9500524620,GOLD,M3,E105,10-01-2022
C104,James Miller,3542828098,SILVER,M2,E106,12-01-2022
C105,Benjamin Wilson,5693753528,DIAMOND,M4,E108,13-01-2022
C106,Elijah Taylor,5989849125,GOLD,M3,E110,18-01-2022
C107,Alexander Thomas,9258487990,SILVER,M2,E112,24-01-2022
C108,Daniel White,8299179928,BRONZE,M1,E114,05-02-2022
C109,Lily Harris,4096944422,SILVER,M2,E115,06-02-2022
C110,Grace Lee,8867916425,BRONZE,M1,E117,08-02-2022
C111,Aria Adams,9494754117,SILVER,M2,E119,10-02-2022
C112,Lucas King,2275882737,GOLD,M3,E120,11-02-2022
C113,Matthew Hall,8403299441,GOLD,M3,E122,15-02-2022
C114,Jack Perez,8803453316,DIAMOND,M4,E124,20-02-2022
C115,Ella Rodriguez,7337922100,BRONZE,M1,E125,21-02-2022
C116,Scarlett Nelson,3995550919,GOLD,M3,E127,22-02-2022
C117,Sophia Mitchell,6942572218,GOLD,M3,E129,27-02-2022
C118,Ethan Martinez,1421109341,SILVER,M2,E130,06-03-2022
C119,Logan Lewis,3230619668,DIAMOND,M4,E132,09-03-2022
C120,Nathaniel Allen,3443197470,SILVER,M2,E134,14-03-2022
C121,Zoey Wright,3340421303,GOLD,M3,E135,16-03-2022
C122,Layla Harris,9285524703,BRONZE,M1,E137,20-03-2022
C123,Gabriel King,6158521042,GOLD,M3,E138,26-03-2022
C124,Isaac Walker,1790926542,DIAMOND,M4,E140,29-03-2022
C125,Caleb Parker,2066258035,GOLD,M3,E142,06-04-2022
C126,Abigail Evans,1929723452,DIAMOND,M4,E143,07-04-2022
C127,Emily Harris,9080168626,DIAMOND,M4,E145,13-04-2022
C128,Ryan Carter,9434414701,SILVER,M2,E146,16-04-2022
C129,Julian Rivera,5847509616,BRONZE,M1,E148,21-04-2022
C130,Daniel Gonzalez,2065004125,SILVER,M2,E150,24-04-2022
C131,Henry Young,5795199716,GOLD,M3,E151,28-04-2022
C132,Owen Perez,9691512335,DIAMOND,M4,E153,01-05-2022
C133,Samuel Williams,9392076125,GOLD,M3,E155,08-05-2022
C134,Aurora Campbell,1518178829,DIAMOND,M4,E156,14-05-2022
C135,Grace Johnson,7617829027,BRONZE,M1,E158,18-05-2022
C136,Ellie Martin,7604023451,DIAMOND,M4,E160,19-05-2022
C137,Miles Green,2138040441,SILVER,M2,E161,20-05-2022
C138,Abigail Anderson,8960233611,GOLD,M3,E163,27-05-2022
C139,Dominic Foster,988242853,DIAMOND,M4,E164,02-06-2022
C140,Chloe Wright,9716155203,BRONZE,M1,E166,04-06-2022
C141,Sophia Young,3213887545,GOLD,M3,E168,08-06-2022
C142,Evan Hill,8839400081,SILVER,M2,E169,10-06-2022
C143,Jackson Walker,1170776398,BRONZE,M1,E171,15-06-2022
C144,Benjamin Mitchell,4544539381,SILVER,M2,E173,22-06-2022
C145,Lily Harris,2808002026,DIAMOND,M4,E174,22-06-2022
C146,Nora Lewis,7614342354,GOLD,M3,E176,26-06-2022
C147,Lily Harris,5857001451,DIAMOND,M4,E178,29-06-2022
C148,Charlotte Young,5789623089,BRONZE,M1,E179,30-06-2022
C149,Ethan Young,6917890821,SILVER,M2,E181,07-07-2022
C150,Henry Wright,9945125873,GOLD,M3,E182,07-07-2022
C151,Mia Johnson,9147252066,SILVER,M2,E184,20-07-2022
C152,Amelia King,6969352550,GOLD,M3,E186,24-07-2022
C153,Ava Perez,2323926025,DIAMOND,M4,E187,25-07-2022
C154,Elijah Green,9498492942,BRONZE,M1,E189,28-07-2022
C155,Ella Young,8008053893,SILVER,M2,E191,03-08-2022
C156,Matthew Lewis,9286422531,GOLD,M3,E192,04-08-2022
C157,Logan Perez,2263427263,DIAMOND,M4,E194,09-08-2022
C158,Lucy Wright,5249175658,SILVER,M2,E195,12-08-2022
C159,Daniel Harris,5276952121,BRONZE,M1,E197,18-08-2022
C160,Liam Mitchell,6823782276,SILVER,M2,E199,24-08-2022
C161,Amelia Taylor,474604764,GOLD,M3,E200,27-08-2022
C162,Caleb Evans,1897290870,SILVER,M2,E202,04-09-2022
C163,Emily King,7491806380,BRONZE,M1,E203,05-09-2022
C164,Joseph Harris,8966290613,GOLD,M3,E205,08-09-2022
C165,Alexis Lee,8573295021,SILVER,M2,E206,10-09-2022
C166,Sophia Walker,297032539,BRONZE,M1,E208,17-09-2022
C167,Daniel Wright,6898173231,GOLD,M3,E210,19-09-2022
C168,Owen Scott,6845513021,DIAMOND,M4,E211,26-09-2022
C169,Ella King,2532824419,BRONZE,M1,E213,02-10-2022
C170,Zachary Allen,5946154327,GOLD,M3,E214,03-10-2022
C171,Samuel King,9085869812,SILVER,M2,E216,04-10-2022
C172,Noah Lee,6844254195,GOLD,M3,E218,13-10-2022
C173,Mia Mitchell,4450510106,DIAMOND,M4,E219,17-10-2022
C174,Ethan Harris,3396221366,GOLD,M3,E221,18-10-2022
C175,Jacob Harris,4602317019,BRONZE,M1,E223,22-10-2022
C176,Daniel Green,6224022646,SILVER,M2,E224,23-10-2022
C177,Jack Young,2333810887,DIAMOND,M4,E226,30-10-2022
C178,Lily Robinson,9019312349,SILVER,M2,E227,01-11-2022
C179,Sophia Harris,3276702782,GOLD,M3,E229,05-11-2022
C180,Leo Thomas,5800585327,DIAMOND,M4,E230,05-11-2022
C181,Elizabeth Walker,7058984282,SILVER,M2,E232,08-11-2022
C182,Ella Harris,8458871520,GOLD,M3,E234,11-11-2022
C183,Amelia Walker,2393302130,SILVER,M2,E235,13-11-2022
C184,Owen Perez,6963273046,BRONZE,M1,E237,15-11-2022
C185,Zachary Martinez,1238398194,SILVER,M2,E239,19-11-2022
C186,Caleb Wright,622848433,DIAMOND,M4,E240,21-11-2022
C187,Lily Thomas,1531800499,GOLD,M3,E242,27-11-2022
C188,Abigail Harris,2263818489,DIAMOND,M4,E243,09-12-2022
C189,Olivia Anderson,5052002703,DIAMOND,M4,E245,14-12-2022
C190,Matthew Harris,6340062574,GOLD,M3,E247,20-12-2022
C191,Natalie Clark,1591340432,BRONZE,M1,E248,21-12-2022
C192,Zachary Perez,5542011322,SILVER,M2,E250,25-12-2022
C193,Evan Mitchell,61065951,GOLD,M3,E251,26-12-2022
C194,Isaac Martinez,2348217614,DIAMOND,M4,E253,07-01-2023
C195,Charlotte Walker,2689844331,SILVER,M2,E254,07-01-2023
C196,Victoria Young,326153836,DIAMOND,M4,E256,12-01-2023
C197,Lucy Thomas,3559652256,BRONZE,M1,E258,20-01-2023
C198,Evan Lee,231651794,GOLD,M3,E259,21-01-2023
C199,Nora Harris,5655093916,SILVER,M2,E261,25-01-2023
C200,Amelia Wright,8057315997,GOLD,M3,E263,26-01-2023
C201,Wyatt Young,9230736970,DIAMOND,M4,E264,27-01-2023
C202,Madison Lee,8259763635,BRONZE,M1,E266,01-02-2023
C203,Lily Brown,6984272506,GOLD,M3,E268,07-02-2023
C204,Scarlett Thomas,1420916113,SILVER,M2,E269,07-02-2023
C205,Emily Green,7488022531,BRONZE,M1,E271,10-02-2023
C206,Abigail Young,5890924718,GOLD,M3,E272,12-02-2023
C207,Chloe Brown,8283070519,DIAMOND,M4,E274,15-02-2023
C208,Ella Martinez,1231895446,GOLD,M3,E276,16-02-2023
C209,Henry Walker,1500348055,SILVER,M2,E277,17-02-2023
C210,Isabella Wright,8618798314,BRONZE,M1,E279,18-02-2023
C211,Liam Lewis,3361904853,DIAMOND,M4,E280,20-02-2023
C212,Grace White,4037283956,GOLD,M3,E282,28-02-2023
C213,Mia King,6912158215,SILVER,M2,E284,03-03-2023
C214,Samuel Martinez,6589232212,BRONZE,M1,E285,04-03-2023
C215,Jack Young,7693670799,DIAMOND,M4,E287,10-03-2023
C216,Lucy Perez,7714075047,SILVER,M2,E288,12-03-2023
C217,Evan Walker,8340625383,DIAMOND,M4,E290,15-03-2023
C218,Ava Lewis,4488262766,GOLD,M3,E292,19-03-2023
C219,Leah Scott,9661444548,BRONZE,M1,E293,20-03-2023
C220,Olivia Perez,9337643434,SILVER,M2,E295,21-03-2023
C221,Lily Walker,8995814029,GOLD,M3,E296,22-03-2023
C222,Ethan Green,8331158508,DIAMOND,M4,E298,29-03-2023
C223,Lucy King,8254347813,SILVER,M2,E299,30-03-2023
C224,Jack Green,777640126,DIAMOND,M4,E301,31-03-2023
C225,Owen Walker,5076243084,BRONZE,M1,E303,05-04-2023
C226,Isabella Lee,3286654335,DIAMOND,M4,E304,06-04-2023
C227,Victoria Robinson,7861268429,SILVER,M2,E306,10-04-2023
C228,Chloe Harris,9633697394,DIAMOND,M4,E307,12-04-2023
C229,Lucy Martinez,1668035596,SILVER,M2,E309,14-04-2023
C230,Noah Anderson,7773234639,DIAMOND,M4,E311,16-04-2023
C231,Ella Green,3774718951,SILVER,M2,E312,17-04-2023
C232,Zachary White,5850025479,GOLD,M3,E314,19-04-2023
C233,Liam Perez,393041899,SILVER,M2,E316,22-04-2023
C234,Abigail Scott,4749238132,BRONZE,M1,E317,22-04-2023
C235,Joseph Thomas,1905025202,DIAMOND,M4,E319,26-04-2023
C236,Nora Lee,4994362984,SILVER,M2,E320,27-04-2023
C237,Isabella Young,1358765159,DIAMOND,M4,E322,06-05-2023
C238,Victoria White,3177925157,BRONZE,M1,E323,07-05-2023
C239,Samuel White,4790575416,GOLD,M3,E325,10-05-2023
C240,Lucy Anderson,4015290929,SILVER,M2,E327,12-05-2023
C241,Owen Walker,5276653100,BRONZE,M1,E328,13-05-2023
C242,James Harris,4713572785,DIAMOND,M4,E330,16-05-2023
C243,Mia White,1691936312,BRONZE,M1,E331,16-05-2023
C244,Jack Thomas,3858019697,DIAMOND,M4,E333,21-05-2023
C245,Grace Martinez,5986249634,GOLD,M3,E334,23-05-2023
C246,Olivia Green,7871290796,DIAMOND,M4,E336,27-05-2023
C247,Leo Walker,466676301,BRONZE,M1,E337,30-05-2023
C248,Lucy Young,9891580223,SILVER,M2,E339,05-06-2023
C249,Zachary Green,2056703810,DIAMOND,M4,E340,06-06-2023
C250,Caleb Walker,4653700546,GOLD,M3,E342,12-06-2023
C251,Samuel Brown,2137425197,BRONZE,M1,E344,14-06-2023
C252,Nathaniel Thomas,8604807630,DIAMOND,M4,E345,17-06-2023
C253,Ava White,9426328461,GOLD,M3,E347,28-06-2023
C254,Charlotte Thomas,32882025,BRONZE,M1,E348,30-06-2023
C255,James Green,7255082239,SILVER,M2,E350,01-07-2023
C256,Ryan Perez,2354132981,GOLD,M3,E351,04-07-2023
C257,Olivia Thomas,3417804741,DIAMOND,M4,E353,06-07-2023
C258,Daniel Harris,7882578290,SILVER,M2,E354,07-07-2023
C259,Lucy Harris,2439736175,DIAMOND,M4,E356,13-07-2023
C260,Leah White,7066355233,BRONZE,M1,E358,16-07-2023
C261,Leo Young,6662186054,GOLD,M3,E359,17-07-2023
C262,Nathaniel Harris,997533457,SILVER,M2,E361,19-07-2023
C263,Emily White,4795313862,BRONZE,M1,E362,22-07-2023
C264,Abigail Thomas,2188619937,DIAMOND,M4,E364,24-07-2023
C265,Mia Thomas,2043991310,BRONZE,M1,E366,06-08-2023
C266,Isaac Green,8807782809,DIAMOND,M4,E367,08-08-2023
C267,Leo Harris,2887104748,SILVER,M2,E369,11-08-2023
C268,Olivia King,9893738093,DIAMOND,M4,E370,13-08-2023
C269,Caleb White,4655383436,GOLD,M3,E372,20-08-2023
C270,Ella Walker,9597909271,SILVER,M2,E373,26-08-2023
C271,Lily White,7974798843,BRONZE,M1,E375,31-08-2023
C272,Natalie Young,8834747675,SILVER,M2,E377,02-09-2023
C273,Grace Green,7049600071,DIAMOND,M4,E378,04-09-2023
C274,Emily Thomas,7474463113,DIAMOND,M4,E380,11-09-2023
C275,Benjamin White,7113190094,SILVER,M2,E381,11-09-2023
C276,Zoe Green,8512241560,DIAMOND,M4,E383,13-09-2023
C277,Daniel White,7423924981,SILVER,M2,E384,15-09-2023
C278,Abigail Green,8443280115,GOLD,M3,E386,20-09-2023
C279,Ethan Harris,5071553519,DIAMOND,M4,E387,22-09-2023
C280,Leo Harris,9736914956,BRONZE,M1,E389,27-09-2023
C281,Abigail Thomas,6467256227,SILVER,M2,E391,05-10-2023
C282,Mason King,881151492,GOLD,M3,E392,09-10-2023
C283,Olivia Brown,6324931325,DIAMOND,M4,E394,10-10-2023
C284,Jack King,8354816168,SILVER,M2,E395,12-10-2023
C285,Abigail Harris,452521573,BRONZE,M1,E397,15-10-2023
C286,Victoria Thomas,6496888596,DIAMOND,M4,E398,20-10-2023
C287,Samuel Brown,8751357073,GOLD,M3,E400,21-10-2023
C288,Daniel Green,5424200576,DIAMOND,M4,E401,24-10-2023
C289,Chloe King,5861920376,BRONZE,M1,E403,27-10-2023
C290,Abigail White,5314101143,DIAMOND,M4,E404,29-10-2023
C291,Zachary Brown,7133796013,SILVER,M2,E406,01-11-2023
C292,Zoe Harris,6357909549,BRONZE,M1,E408,03-11-2023
C293,Jack Harris,9526703116,SILVER,M2,E409,07-11-2023
C294,Zachary Thomas,9929667995,DIAMOND,M4,E411,10-11-2023
C295,Samuel Green,6917942342,BRONZE,M1,E413,12-11-2023
C296,Jacob Walker,5170497722,GOLD,M3,E414,12-11-2023
C297,Ryan Harris,1194010461,SILVER,M2,E416,17-11-2023
C298,Mia Walker,1894913991,BRONZE,M1,E417,18-11-2023
C299,Lily Green,6708682579,DIAMOND,M4,E419,20-11-2023
C300,Jack Perez,1222996045,SILVER,M2,E420,20-11-2023
C301,Samuel Young,8063957957,DIAMOND,M4,E422,22-11-2023
C302,Benjamin Perez,5931390435,BRONZE,M1,E423,26-11-2023
C303,Emma Brown,1184561017,GOLD,M3,E425,29-11-2023
C304,Liam Green,4593550314,DIAMOND,M4,E426,30-11-2023
C305,Daniel White,7367895764,BRONZE,M1,E428,04-12-2023
C306,Lucas Young,2209578642,GOLD,M3,E429,05-12-2023
C307,Olivia Harris,378643615,BRONZE,M1,E431,08-12-2023
C308,Victoria Green,3151171902,SILVER,M2,E432,09-12-2023
C309,Benjamin Harris,441859669,GOLD,M3,E434,12-12-2023
C310,Samuel Green,244551036,SILVER,M2,E435,14-12-2023
C311,Lily Brown,9513953815,BRONZE,M1,E437,16-12-2023
C312,Owen Thomas,8430493202,GOLD,M3,E438,18-12-2023
C313,Grace Young,9148286897,DIAMOND,M4,E440,22-12-2023
C314,Nathaniel Brown,5842476778,SILVER,M2,E441,22-12-2023
C315,Chloe Green,8030472916,DIAMOND,M4,E443,25-12-2023
C316,Emily Walker,2692549061,DIAMOND,M4,E445,29-12-2023
C317,Samuel King,4648815439,SILVER,M2,E446,30-12-2023
C318,Ella White,9022643252,BRONZE,M1,E448,02-01-2024
C319,Leo Green,7299962155,DIAMOND,M4,E449,03-01-2024
C320,James White,3056600528,GOLD,M3,E451,06-01-2024
C321,Lily Thomas,1206940750,BRONZE,M1,E452,06-01-2024
C322,Lucas Brown,258614385,SILVER,M2,E454,11-01-2024
C323,Emma Harris,8144936640,GOLD,M3,E455,16-01-2024
C324,Abigail King,3373889323,SILVER,M2,E457,18-01-2024
C325,Samuel Perez,9157240283,BRONZE,M1,E458,19-01-2024
C326,Olivia Brown,9091406373,DIAMOND,M4,E460,28-01-2024
C327,Chloe White,9853883249,SILVER,M2,E461,29-01-2024
C328,Logan Harris,1102249470,GOLD,M3,E463,31-01-2024
C329,Logan Brown,9932097238,SILVER,M2,E465,03-02-2024
C330,Victoria Harris,972673288,BRONZE,M1,E466,04-02-2024
C331,Natalie Young,2153999232,GOLD,M3,E468,07-02-2024
C332,Olivia Thomas,9566301347,SILVER,M2,E469,09-02-2024
C333,Zoe Walker,2852595169,BRONZE,M1,E471,14-02-2024
C334,Emily Green,5581624359,GOLD,M3,E472,19-02-2024
C335,Abigail Young,3879422576,DIAMOND,M4,E474,24-02-2024
C336,Lucy Perez,3802252234,GOLD,M3,E476,26-02-2024
C337,Lily Young,8261132770,SILVER,M2,E477,27-02-2024
C338,Grace Brown,6121603546,BRONZE,M1,E479,01-03-2024
C339,Emma King,2568644236,DIAMOND,M4,E480,03-03-2024
C340,Abigail Green,8166459029,GOLD,M3,E482,05-03-2024
C341,Lily White,5283385362,DIAMOND,M4,E483,05-03-2024
C342,Zachary Green,7547657351,BRONZE,M1,E485,07-03-2024
C343,Lily Young,4404018181,GOLD,M3,E486,11-03-2024
C344,Abigail Green,3723179987,SILVER,M2,E488,17-03-2024
C345,Zachary White,4426694808,DIAMOND,M4,E490,23-03-2024
C346,Zoe Green,4734901772,SILVER,M2,E491,24-03-2024
C347,Emily Young,7936234462,BRONZE,M1,E493,25-03-2024
C348,Olivia Green,262684943,DIAMOND,M4,E494,26-03-2024
C349,Jack Brown,3412541243,GOLD,M3,E496,30-03-2024
C350,Ethan Brown,5016397376,BRONZE,M1,E497,30-03-2024
C351,Benjamin Green,4989892923,SILVER,M2,E499,02-04-2024
C352,Chloe Harris,8880307209,GOLD,M3,E500,03-04-2024
C353,Emily Brown,1963490086,SILVER,M2,E502,08-04-2024
C354,Zachary Harris,4279815345,BRONZE,M1,E503,10-04-2024
C355,Jack Brown,2701010681,GOLD,M3,E505,14-04-2024
C356,Sophia White,1663921687,SILVER,M2,E506,20-04-2024
C357,Lily White,2933910914,BRONZE,M1,E508,27-04-2024
C358,Lucas Walker,885923278,GOLD,M3,E510,30-04-2024
C359,James White,942398934,DIAMOND,M4,E511,02-05-2024
C360,Lucy White,1556460894,BRONZE,M1,E513,04-05-2024
C361,Benjamin King,6660400196,GOLD,M3,E514,05-05-2024
C362,Lily Green,4012573451,SILVER,M2,E516,13-05-2024
C363,Jack White,9500558763,BRONZE,M1,E517,14-05-2024
C364,Nathaniel Green,8650000377,DIAMOND,M4,E519,26-05-2024
C365,Zoe Green,379938819,SILVER,M2,E520,29-05-2024
C366,Logan Green,7676334937,DIAMOND,M4,E522,01-06-2024
C367,Grace King,9941190310,BRONZE,M1,E523,05-06-2024
C368,Daniel White,4742740861,GOLD,M3,E525,09-06-2024
C369,Victoria King,8225243944,DIAMOND,M4,E526,11-06-2024
C370,Isabella Green,6636111928,BRONZE,M1,E528,18-06-2024
C371,Lily Brown,6884000053,GOLD,M3,E529,19-06-2024
C372,Ryan Walker,8931152221,BRONZE,M1,E531,23-06-2024
C373,Olivia Green,6264942530,SILVER,M2,E532,24-06-2024
C374,Zoe Harris,8232561693,GOLD,M3,E534,27-06-2024
C375,Jack Thomas,9100431271,SILVER,M2,E535,02-07-2024
C376,Grace Green,6282338519,BRONZE,M1,E537,05-07-2024
C377,Lily King,922697042,GOLD,M3,E538,08-07-2024
C378,Zachary Young,6697880182,DIAMOND,M4,E540,11-07-2024
C379,Ethan Thomas,1844416070,SILVER,M2,E541,12-07-2024
C380,Amelia White,9775841497,DIAMOND,M4,E543,14-07-2024
C381,Logan Harris,8938468204,BRONZE,M1,E544,15-07-2024
C382,Ethan White,9944095095,SILVER,M2,E546,16-07-2024
C383,Zoe Thomas,6539536210,GOLD,M3,E547,19-07-2024
C384,Olivia King,9628112158,DIAMOND,M4,E549,21-07-2024
C385,Samuel Brown,2358675023,SILVER,M2,E550,22-07-2024
C386,Daniel Thomas,2587583619,BRONZE,M1,E552,27-07-2024
C387,Owen White,7919945747,DIAMOND,M4,E553,30-07-2024
C388,Grace Thomas,6295620592,GOLD,M3,E555,31-07-2024
C389,Mia Harris,7936874482,DIAMOND,M4,E556,07-08-2024
C390,Logan Thomas,8082094027,BRONZE,M1,E558,16-08-2024
C391,Lily Brown,781828033,GOLD,M3,E559,19-08-2024
C392,Nathaniel Green,7675389363,SILVER,M2,E561,20-08-2024
C393,Lucy Walker,9336059738,BRONZE,M1,E562,21-08-2024
C394,Samuel Green,2523485863,DIAMOND,M4,E564,25-08-2024
C395,Victoria Green,6652272274,SILVER,M2,E565,29-08-2024
C396,Amelia Green,4608210122,DIAMOND,M4,E567,06-09-2024
C397,Zachary Harris,2956978121,GOLD,M3,E568,07-09-2024
C398,Ethan White,1587335204,DIAMOND,M4,E570,17-09-2024
C399,Natalie White,5949164047,BRONZE,M1,E571,23-09-2024
C400,Daniel Walker,6006707766,SILVER,M2,E573,01-10-2024
C401,Leah Brown,1928355922,DIAMOND,M4,E574,04-10-2024
C402,Noah Green,7746000639,GOLD,M3,E576,05-10-2024
C403,Abigail Green,1054458902,SILVER,M2,E577,06-10-2024
C404,Victoria Green,7450734195,BRONZE,M1,E579,14-10-2024
C405,Jack Brown,2756072155,DIAMOND,M4,E580,15-10-2024
C406,Zoe Green,6475887849,GOLD,M3,E582,27-10-2024
C407,Olivia Thomas,6452782674,DIAMOND,M4,E583,28-10-2024
C408,Lily Walker,2101127450,BRONZE,M1,E585,06-11-2024
C409,Abigail White,7461218407,GOLD,M3,E586,13-11-2024
C410,Zachary Walker,1431643234,SILVER,M2,E588,24-11-2024
C411,Samuel Green,8368554678,BRONZE,M1,E589,24-11-2024
C412,Daniel Green,7811854069,SILVER,M2,E591,03-12-2024
C413,Zoe Green,4450653722,GOLD,M3,E592,06-12-2024
C414,Lily King,9414456085,DIAMOND,M4,E594,07-12-2024
C415,Abigail King,5166612040,SILVER,M2,E595,10-12-2024
C416,Jack Green,6918109882,BRONZE,M1,E597,21-12-2024
C417,Olivia Green,3311613820,DIAMOND,M4,E598,27-12-2024
C418,Ethan White,3194109505,GOLD,M3,E600,30-12-2024
